{
  "deg": 6,
  "coeff_float": [
    1.0,
    1.000002,
    0.5,
    0.166666,
    0.0416665,
    0.008333,
    0.0013888
  ],
  "coeff_fixed": [
    65536,
    65538,
    32768,
    10922,
    2731,
    546,
    91
  ],
  "scale_bits": 16,
  "max_abs_err_float": 0.001
}